{"assets/img/about_icon.png":["assets/img/about_icon.png"],"assets/img/audio.png":["assets/img/audio.png"],"assets/img/error_icon.png":["assets/img/error_icon.png"],"assets/img/launcher_icon.png":["assets/img/launcher_icon.png"],"assets/py/ohos_app_install.py":["assets/py/ohos_app_install.py"],"assets/py/ohos_app_signed.py":["assets/py/ohos_app_signed.py"],"assets/svg/about.svg":["assets/svg/about.svg"],"assets/svg/about_icon.svg":["assets/svg/about_icon.svg"],"assets/svg/clean.svg":["assets/svg/clean.svg"],"assets/svg/clean_empty.svg":["assets/svg/clean_empty.svg"],"assets/svg/close.svg":["assets/svg/close.svg"],"assets/svg/detection_complete.svg":["assets/svg/detection_complete.svg"],"assets/svg/folder.svg":["assets/svg/folder.svg"],"assets/svg/folder_output.svg":["assets/svg/folder_output.svg"],"assets/svg/hands.svg":["assets/svg/hands.svg"],"assets/svg/hands_choose.svg":["assets/svg/hands_choose.svg"],"assets/svg/loading.svg":["assets/svg/loading.svg"],"assets/svg/open_folder.svg":["assets/svg/open_folder.svg"],"assets/svg/play.svg":["assets/svg/play.svg"],"assets/svg/stop.svg":["assets/svg/stop.svg"],"assets/svg/threshold_setting.svg":["assets/svg/threshold_setting.svg"],"assets/svg/threshold_setting_icon.svg":["assets/svg/threshold_setting_icon.svg"],"packages/cupertino_icons/assets/CupertinoIcons.ttf":["packages/cupertino_icons/assets/CupertinoIcons.ttf"]}